region,regionId,continent,continentIso,continentId,country,countryIso,flag
APAC,1,Oceania,OC,1,American Samoa,AS,ğŸ‡¦ğŸ‡¸
APAC,1,Oceania,OC,1,Antarctica,AQ,ğŸ‡¦ğŸ‡¶
APAC,1,Oceania,OC,1,Australia,AU,ğŸ‡¦ğŸ‡º
APAC,1,Oceania,OC,1,Christmas Island,CX,ğŸ‡¨ğŸ‡½
APAC,1,Oceania,OC,1,Cocos (Keeling) Islands,CC,ğŸ‡¨ğŸ‡¨
APAC,1,Oceania,OC,1,Cook Islands,CK,ğŸ‡¨ğŸ‡°
APAC,1,Oceania,OC,1,Fiji,FJ,ğŸ‡«ğŸ‡¯
APAC,1,Oceania,OC,1,French Polynesia,PF,ğŸ‡µğŸ‡«
APAC,1,Oceania,OC,1,French Southern Territories,TF,ğŸ‡¹ğŸ‡«
APAC,1,Oceania,OC,1,Guam,GU,ğŸ‡¬ğŸ‡º
APAC,1,Oceania,OC,1,Heard Island and McDonald Islands,HM,ğŸ‡­ğŸ‡²
APAC,1,Oceania,OC,1,Marshall Islands,MH,ğŸ‡²ğŸ‡­
APAC,1,Oceania,OC,1,Micronesia,FM,ğŸ‡«ğŸ‡²
APAC,1,Oceania,OC,1,New Caledonia,NC,ğŸ‡³ğŸ‡¨
APAC,1,Oceania,OC,1,New Zealand,NZ,ğŸ‡³ğŸ‡¿
APAC,1,Oceania,OC,1,Niue,NU,ğŸ‡³ğŸ‡º
APAC,1,Oceania,OC,1,Norfolk Island,NF,ğŸ‡³ğŸ‡«
APAC,1,Oceania,OC,1,Northern Mariana Islands,MP,ğŸ‡²ğŸ‡µ
APAC,1,Oceania,OC,1,Palau,PW,ğŸ‡µğŸ‡¼
APAC,1,Oceania,OC,1,Papua New Guinea,PG,ğŸ‡µğŸ‡¬
APAC,1,Oceania,OC,1,Pitcairn,PN,ğŸ‡µğŸ‡³
APAC,1,Oceania,OC,1,Samoa,WS,ğŸ‡¼ğŸ‡¸
APAC,1,Oceania,OC,1,Solomon Islands,SB,ğŸ‡¸ğŸ‡§
APAC,1,Oceania,OC,1,United States Minor Outlying Islands,UM,ğŸ‡ºğŸ‡²
APAC,1,Oceania,OC,1,Vanuatu,VU,ğŸ‡»ğŸ‡º
APAC,1,Oceania,OC,1,Wallis and Futuna,WF,ğŸ‡¼ğŸ‡«
APAC,1,Asia,AS,2,Bangladesh,BD,ğŸ‡§ğŸ‡©
APAC,1,Asia,AS,2,Bhutan,BT,ğŸ‡§ğŸ‡¹
APAC,1,Asia,AS,2,British Indian Ocean Territory,IO,ğŸ‡®ğŸ‡´
APAC,1,Asia,AS,2,Brunei Darussalam,BN,ğŸ‡§ğŸ‡³
APAC,1,Asia,AS,2,Cambodia,KH,ğŸ‡°ğŸ‡­
APAC,1,Asia,AS,2,China,CN,ğŸ‡¨ğŸ‡³
APAC,1,Asia,AS,2,Hong Kong,HK,ğŸ‡­ğŸ‡°
APAC,1,Asia,AS,2,India,IN,ğŸ‡®ğŸ‡³
APAC,1,Asia,AS,2,Indonesia,ID,ğŸ‡®ğŸ‡©
APAC,1,Asia,AS,2,Japan,JP,ğŸ‡¯ğŸ‡µ
APAC,1,Asia,AS,2,Korea (Democratic Peopleâ€™s Republic of),KV,ğŸ‡°ğŸ‡µ
APAC,1,Asia,AS,2,Korea (Republic of),KR,ğŸ‡°ğŸ‡·
APAC,1,Asia,AS,2,Kyrgyzstan,KG,ğŸ‡°ğŸ‡¬
APAC,1,Asia,AS,2,Laos,LA,ğŸ‡±ğŸ‡¦
APAC,1,Asia,AS,2,Macao,MO,ğŸ‡²ğŸ‡´
APAC,1,Asia,AS,2,Malaysia,MY,ğŸ‡²ğŸ‡¾
APAC,1,Asia,AS,2,Maldives,MV,ğŸ‡²ğŸ‡»
APAC,1,Asia,AS,2,Mongolia,MN,ğŸ‡²ğŸ‡³
APAC,1,Asia,AS,2,Myanmar,MM,ğŸ‡²ğŸ‡²
APAC,1,Asia,AS,2,Nepal,NP,ğŸ‡³ğŸ‡µ
APAC,1,Asia,AS,2,Pakistan,PK,ğŸ‡µğŸ‡°
APAC,1,Asia,AS,2,Philippines,PH,ğŸ‡µğŸ‡­
APAC,1,Asia,AS,2,Singapore,SG,ğŸ‡¸ğŸ‡¬
APAC,1,Asia,AS,2,Sri Lanka,LK,ğŸ‡±ğŸ‡°
APAC,1,Asia,AS,2,Taiwan,TW,ğŸ‡¹ğŸ‡¼
APAC,1,Asia,AS,2,Tajikistan,TJ,ğŸ‡¹ğŸ‡¯
APAC,1,Asia,AS,2,Thailand,TH,ğŸ‡¹ğŸ‡­
APAC,1,Asia,AS,2,Timor-Leste,TL,ğŸ‡¹ğŸ‡±
APAC,1,Asia,AS,2,Turkmenistan,TM,ğŸ‡¹ğŸ‡²
APAC,1,Asia,AS,2,Uzbekistan,UZ,ğŸ‡ºğŸ‡¿
APAC,1,Asia,AS,2,Viet Nam,VN,ğŸ‡»ğŸ‡³
NA,2,North America,NA,3,Canada,CA,ğŸ‡¨ğŸ‡¦
NA,2,North America,NA,3,United States of America,US,ğŸ‡ºğŸ‡¸
NA,2,North America,NA,3,Mexico,MX,ğŸ‡²ğŸ‡½
NA,2,North America,NA,3,Bermuda,BM,ğŸ‡§ğŸ‡²
NA,2,North America,NA,3,Cayman Islands,KY,ğŸ‡°ğŸ‡¾
EMEA,3,Europe,EU,4,Ã…land Islands,AX,ğŸ‡¦ğŸ‡½
EMEA,3,Europe,EU,4,Albania,AL,ğŸ‡¦ğŸ‡±
EMEA,3,Europe,EU,4,Andorra,AD,ğŸ‡¦ğŸ‡©
EMEA,3,Europe,EU,4,Austria,AT,ğŸ‡¦ğŸ‡¹
EMEA,3,Europe,EU,4,Belarus,BY,ğŸ‡§ğŸ‡¾
EMEA,3,Europe,EU,4,Belgium,BE,ğŸ‡§ğŸ‡ª
EMEA,3,Europe,EU,4,Bosnia and Herzegovina,BA,ğŸ‡§ğŸ‡¦
EMEA,3,Europe,EU,4,Bouvet Island,BV,ğŸ‡§ğŸ‡»
EMEA,3,Europe,EU,4,Bulgaria,BG,ğŸ‡§ğŸ‡¬
EMEA,3,Europe,EU,4,Croatia,HR,ğŸ‡­ğŸ‡·
EMEA,3,Europe,EU,4,Cyprus,CY,ğŸ‡¨ğŸ‡¾
EMEA,3,Europe,EU,4,Czech Republic,CZ,ğŸ‡¨ğŸ‡¿
EMEA,3,Europe,EU,4,Denmark,DK,ğŸ‡©ğŸ‡°
EMEA,3,Europe,EU,4,Estonia,EE,ğŸ‡ªğŸ‡ª
EMEA,3,Europe,EU,4,Falkland Islands,FK,ğŸ‡«ğŸ‡°
EMEA,3,Europe,EU,4,Faroe Islands,FO,ğŸ‡«ğŸ‡´
EMEA,3,Europe,EU,4,Finland,FI,ğŸ‡«ğŸ‡®
EMEA,3,Europe,EU,4,France,FR,ğŸ‡«ğŸ‡·
EMEA,3,Europe,EU,4,Germany,DE,ğŸ‡©ğŸ‡ª
EMEA,3,Europe,EU,4,Gibraltar,GI,ğŸ‡¬ğŸ‡®
EMEA,3,Europe,EU,4,Greece,GR,ğŸ‡¬ğŸ‡·
EMEA,3,Europe,EU,4,Greenland,GL,ğŸ‡¬ğŸ‡±
EMEA,3,Europe,EU,4,Guernsey,GG,ğŸ‡¬ğŸ‡¬
EMEA,3,Europe,EU,4,Iceland,IS,ğŸ‡®ğŸ‡¸
EMEA,3,Europe,EU,4,Ireland,IE,ğŸ‡®ğŸ‡ª
EMEA,3,Europe,EU,4,Isle of Man,IM,ğŸ‡®ğŸ‡²
EMEA,3,Europe,EU,4,Italy,IT,ğŸ‡®ğŸ‡¹
EMEA,3,Europe,EU,4,Jersey,JE,ğŸ‡¯ğŸ‡ª
EMEA,3,Europe,EU,4,Latvia,LV,ğŸ‡±ğŸ‡»
EMEA,3,Europe,EU,4,Liechtenstein,LI,ğŸ‡±ğŸ‡®
EMEA,3,Europe,EU,4,Lithuania,LT,ğŸ‡±ğŸ‡¹
EMEA,3,Europe,EU,4,Luxembourg,LU,ğŸ‡±ğŸ‡º
EMEA,3,Europe,EU,4,Macedonia,MK,ğŸ‡²ğŸ‡°
EMEA,3,Europe,EU,4,Malta,MT,ğŸ‡²ğŸ‡¹
EMEA,3,Europe,EU,4,Moldova,MD,ğŸ‡²ğŸ‡©
EMEA,3,Europe,EU,4,Monaco,MC,ğŸ‡²ğŸ‡¨
EMEA,3,Europe,EU,4,Montenegro,ME,ğŸ‡²ğŸ‡ª
EMEA,3,Europe,EU,4,Netherlands,NL,ğŸ‡³ğŸ‡±
EMEA,3,Europe,EU,4,Norway,NO,ğŸ‡³ğŸ‡´
EMEA,3,Europe,EU,4,Poland,PL,ğŸ‡µğŸ‡±
EMEA,3,Europe,EU,4,Portugal,PT,ğŸ‡µğŸ‡¹
EMEA,3,Europe,EU,4,Romania,RO,ğŸ‡·ğŸ‡´
EMEA,3,Europe,EU,4,Russia,RU,ğŸ‡·ğŸ‡º
EMEA,3,Europe,EU,4,San Marino,SM,ğŸ‡¸ğŸ‡²
EMEA,3,Europe,EU,4,Serbia,RS,ğŸ‡·ğŸ‡¸
EMEA,3,Europe,EU,4,Slovakia,SK,ğŸ‡¸ğŸ‡°
EMEA,3,Europe,EU,4,Slovenia,SI,ğŸ‡¸ğŸ‡®
EMEA,3,Europe,EU,4,Spain,ES,ğŸ‡ªğŸ‡¸
EMEA,3,Europe,EU,4,Svalbard,SJ,ğŸ‡¸ğŸ‡¯
EMEA,3,Europe,EU,4,Sweden,SE,ğŸ‡¸ğŸ‡ª
EMEA,3,Europe,EU,4,Switzerland,CH,ğŸ‡¨ğŸ‡­
EMEA,3,Europe,EU,4,Ukraine,UA,ğŸ‡ºğŸ‡¦
EMEA,3,Europe,EU,4,United Kingdom,GB,ğŸ‡¬ğŸ‡§
EMEA,3,Europe,EU,4,Vatican City,VA,ğŸ‡»ğŸ‡¦
EMEA,3,Europe,EU,4,South Georgia and the South Sandwich Islands,GS,ğŸ‡¬ğŸ‡¸
EMEA,4,Middle East,ME,5,Afghanistan,AF,ğŸ‡¦ğŸ‡«
EMEA,4,Middle East,ME,5,Armenia,AM,ğŸ‡¦ğŸ‡²
EMEA,4,Middle East,ME,5,Azerbaijan,AZ,ğŸ‡¦ğŸ‡¿
EMEA,4,Middle East,ME,5,Bahrain,BH,ğŸ‡§ğŸ‡­
EMEA,4,Middle East,ME,5,Georgia,GE,ğŸ‡¬ğŸ‡ª
EMEA,4,Middle East,ME,5,Israel,IL,ğŸ‡®ğŸ‡±
EMEA,4,Middle East,ME,5,Jordan,JO,ğŸ‡¯ğŸ‡´
EMEA,4,Middle East,ME,5,Kazakhstan,KZ,ğŸ‡°ğŸ‡¿
EMEA,4,Middle East,ME,5,Kuwait,KW,ğŸ‡°ğŸ‡¼
EMEA,4,Middle East,ME,5,Lebanon,LB,ğŸ‡±ğŸ‡§
EMEA,4,Middle East,ME,5,Syria,SY,ğŸ‡¸ğŸ‡¾
EMEA,4,Middle East,ME,5,Turkey,TR,ğŸ‡¹ğŸ‡·
EMEA,4,Middle East,ME,5,United Arab Emirates,AE,ğŸ‡¦ğŸ‡ª
EMEA,3,Africa,AF,6,Algeria,DZ,ğŸ‡©ğŸ‡¿
EMEA,3,Africa,AF,6,Angola,AO,ğŸ‡¦ğŸ‡´
EMEA,3,Africa,AF,6,Benin,BJ,ğŸ‡§ğŸ‡¯
EMEA,3,Africa,AF,6,Botswana,BW,ğŸ‡§ğŸ‡¼
EMEA,3,Africa,AF,6,Burkina Faso,BF,ğŸ‡§ğŸ‡«
EMEA,3,Africa,AF,6,Burundi,BI,ğŸ‡§ğŸ‡®
EMEA,3,Africa,AF,6,Cabo Verde,CV,ğŸ‡¨ğŸ‡»
EMEA,3,Africa,AF,6,Cameroon,CM,ğŸ‡¨ğŸ‡²
EMEA,3,Africa,AF,6,Central African Republic,CF,ğŸ‡¨ğŸ‡«
EMEA,3,Africa,AF,6,Chad,TD,ğŸ‡¹ğŸ‡©
EMEA,3,Africa,AF,6,Comoros,KM,ğŸ‡°ğŸ‡²
EMEA,3,Africa,AF,6,Congo (Democratic Republic of the),CD,ğŸ‡¨ğŸ‡©
EMEA,3,Africa,AF,6,Congo,CG,ğŸ‡¨ğŸ‡¬
EMEA,3,Africa,AF,6,CÃ´te dâ€™Ivoire,CI,ğŸ‡¨ğŸ‡®
EMEA,3,Africa,AF,6,Djibouti,DJ,ğŸ‡©ğŸ‡¯
EMEA,3,Africa,AF,6,Egypt,EG,ğŸ‡ªğŸ‡¬
EMEA,3,Africa,AF,6,Equatorial Guinea,GQ,ğŸ‡¬ğŸ‡¶
EMEA,3,Africa,AF,6,Eritrea,ER,ğŸ‡ªğŸ‡·
EMEA,3,Africa,AF,6,Ethiopia,ET,ğŸ‡ªğŸ‡¹
EMEA,3,Africa,AF,6,Gabon,GA,ğŸ‡¬ğŸ‡¦
EMEA,3,Africa,AF,6,Gambia,GM,ğŸ‡¬ğŸ‡²
EMEA,3,Africa,AF,6,Ghana,GH,ğŸ‡¬ğŸ‡­
EMEA,3,Africa,AF,6,Guinea,GN,ğŸ‡¬ğŸ‡³
EMEA,3,Africa,AF,6,Guinea-Bissau,GW,ğŸ‡¬ğŸ‡¼
EMEA,3,Africa,AF,6,Kenya,KE,ğŸ‡°ğŸ‡ª
EMEA,3,Africa,AF,6,Lesotho,LS,ğŸ‡±ğŸ‡¸
EMEA,3,Africa,AF,6,Liberia,LR,ğŸ‡±ğŸ‡·
EMEA,3,Africa,AF,6,Libya,LY,ğŸ‡±ğŸ‡¾
EMEA,3,Africa,AF,6,Madagascar,MG,ğŸ‡²ğŸ‡¬
EMEA,3,Africa,AF,6,Malawi,MW,ğŸ‡²ğŸ‡¼
EMEA,3,Africa,AF,6,Mali,ML,ğŸ‡²ğŸ‡±
EMEA,3,Africa,AF,6,Mauritania,MR,ğŸ‡²ğŸ‡·
EMEA,3,Africa,AF,6,Mauritius,MU,ğŸ‡²ğŸ‡º
EMEA,3,Africa,AF,6,Mayotte,YT,ğŸ‡¾ğŸ‡¹
EMEA,3,Africa,AF,6,Morocco,MA,ğŸ‡²ğŸ‡¦
EMEA,3,Africa,AF,6,Mozambique,MZ,ğŸ‡²ğŸ‡¿
EMEA,3,Africa,AF,6,Namibia,NA,ğŸ‡³ğŸ‡¦
EMEA,3,Africa,AF,6,Niger,NE,ğŸ‡³ğŸ‡ª
EMEA,3,Africa,AF,6,Nigeria,NG,ğŸ‡³ğŸ‡¬
EMEA,3,Africa,AF,6,RÃ©union,RE,ğŸ‡·ğŸ‡ª
EMEA,3,Africa,AF,6,Rwanda,RW,ğŸ‡·ğŸ‡¼
EMEA,3,Africa,AF,6,Saint Helena,SH,ğŸ‡¸ğŸ‡­
EMEA,3,Africa,AF,6,Sao Tome and Principe,ST,ğŸ‡¸ğŸ‡¹
EMEA,3,Africa,AF,6,Senegal,SN,ğŸ‡¸ğŸ‡³
EMEA,3,Africa,AF,6,Seychelles,SC,ğŸ‡¸ğŸ‡¨
EMEA,3,Africa,AF,6,Sierra Leone,SL,ğŸ‡¸ğŸ‡±
EMEA,3,Africa,AF,6,Somalia,SO,ğŸ‡¸ğŸ‡´
EMEA,3,Africa,AF,6,South Africa,ZA,ğŸ‡¿ğŸ‡¦
EMEA,3,Africa,AF,6,South Sudan,SS,ğŸ‡¸ğŸ‡¸
EMEA,3,Africa,AF,6,Sudan,SD,ğŸ‡¸ğŸ‡©
EMEA,3,Africa,AF,6,Swaziland,SZ,ğŸ‡¸ğŸ‡¿
EMEA,3,Africa,AF,6,Tanzania,TZ,ğŸ‡¹ğŸ‡¿
EMEA,3,Africa,AF,6,Togo,TG,ğŸ‡¹ğŸ‡¬
EMEA,3,Africa,AF,6,Tunisia,TN,ğŸ‡¹ğŸ‡³
EMEA,3,Africa,AF,6,Western Sahara,EH,ğŸ‡ªğŸ‡­
EMEA,3,Africa,AF,6,Uganda,UG,ğŸ‡ºğŸ‡¬
EMEA,3,Africa,AF,6,Zambia,ZM,ğŸ‡¿ğŸ‡²
EMEA,3,Africa,AF,6,Zimbabwe,ZW,ğŸ‡¿ğŸ‡¼
LATAM,4,South America,SA,7,Anguilla,AI,ğŸ‡¦ğŸ‡®
LATAM,4,South America,SA,7,Antigua and Barbuda,AG,ğŸ‡¦ğŸ‡¬
LATAM,4,South America,SA,7,Argentina,AR,ğŸ‡¦ğŸ‡·
LATAM,4,South America,SA,7,Aruba,AW,ğŸ‡¦ğŸ‡¼
LATAM,4,South America,SA,7,Bahamas,BS,ğŸ‡§ğŸ‡¸
LATAM,4,South America,SA,7,Barbados,BB,ğŸ‡§ğŸ‡§
LATAM,4,South America,SA,7,Belize,BZ,ğŸ‡§ğŸ‡¿
LATAM,4,South America,SA,7,Bolivia (Plurinational State of),BO,ğŸ‡§ğŸ‡´
LATAM,4,South America,SA,7,Bonaire, Sint Eustatius and Saba,BQ,ğŸ‡§ğŸ‡¶
LATAM,4,South America,SA,7,Brazil,BR,ğŸ‡§ğŸ‡·
LATAM,4,South America,SA,7,Chile,CL,ğŸ‡¨ğŸ‡±
LATAM,4,South America,SA,7,Colombia,CO,ğŸ‡¨ğŸ‡´
LATAM,4,South America,SA,7,Costa Rica,CR,ğŸ‡¨ğŸ‡·
LATAM,4,South America,SA,7,Cuba,CU,ğŸ‡¨ğŸ‡º
LATAM,4,South America,SA,7,CuraÃ§ao,CW,ğŸ‡¨ğŸ‡¼
LATAM,4,South America,SA,7,Dominica,DM,ğŸ‡©ğŸ‡²
LATAM,4,South America,SA,7,Dominican Republic,DO,ğŸ‡©ğŸ‡´
LATAM,4,South America,SA,7,Ecuador,EC,ğŸ‡ªğŸ‡¨
LATAM,4,South America,SA,7,El Salvador,SV,ğŸ‡¸ğŸ‡»
LATAM,4,South America,SA,7,French Guiana,GF,ğŸ‡¬ğŸ‡«
LATAM,4,South America,SA,7,Grenada,GD,ğŸ‡¬ğŸ‡©
LATAM,4,South America,SA,7,Guadeloupe,GP,ğŸ‡¬ğŸ‡µ
LATAM,4,South America,SA,7,Guatemala,GT,ğŸ‡¬ğŸ‡¹
LATAM,4,South America,SA,7,Guyana,GY,ğŸ‡¬ğŸ‡¾
LATAM,4,South America,SA,7,Haiti,HT,ğŸ‡­ğŸ‡¹
LATAM,4,South America,SA,7,Honduras,HN,ğŸ‡­ğŸ‡³
LATAM,4,South America,SA,7,Jamaica,JM,ğŸ‡¯ğŸ‡²
LATAM,4,South America,SA,7,Martinique,MQ,ğŸ‡²ğŸ‡¶
LATAM,4,South America,SA,7,Montserrat,MS,ğŸ‡²ğŸ‡¸
LATAM,4,South America,SA,7,Nicaragua,NI,ğŸ‡³ğŸ‡®
LATAM,4,South America,SA,7,Panama,PA,ğŸ‡µğŸ‡¦
LATAM,4,South America,SA,7,Paraguay,PY,ğŸ‡µğŸ‡¾
LATAM,4,South America,SA,7,Peru,PE,ğŸ‡µğŸ‡ª
LATAM,4,South America,SA,7,Puerto Rico,PR,ğŸ‡µğŸ‡·
LATAM,4,South America,SA,7,Saint BarthÃ©lemy,BL,ğŸ‡§ğŸ‡±
LATAM,4,South America,SA,7,Saint Kitts And Nevis,KN,ğŸ‡°ğŸ‡³
LATAM,4,South America,SA,7,Saint Lucia,LC,ğŸ‡±ğŸ‡¨
LATAM,4,South America,SA,7,Saint Martin,MF,ğŸ‡²ğŸ‡«
LATAM,4,South America,SA,7,Saint Pierre and Miquelon,PM,ğŸ‡µğŸ‡²
LATAM,4,South America,SA,7,Saint Vincent and The Grenadines,VC,ğŸ‡»ğŸ‡¨
LATAM,4,South America,SA,7,Sint Maarten (Dutch part),SX,ğŸ‡¸ğŸ‡½
LATAM,4,South America,SA,7,Suriname,SR,ğŸ‡¸ğŸ‡·
LATAM,4,South America,SA,7,Trinidad and Tobago,TT,ğŸ‡¹ğŸ‡¹
LATAM,4,South America,SA,7,Uruguay,UY,ğŸ‡ºğŸ‡¾
LATAM,4,South America,SA,7,Venezuela,VE,ğŸ‡»ğŸ‡ª
LATAM,4,South America,SA,7,Virgin Islands (British),VG,ğŸ‡»ğŸ‡¬
LATAM,4,South America,SA,7,Virgin Islands (U.S.),VI,ğŸ‡»ğŸ‡®
